{"total_flos":0,"train_steps_per_second":0.05,"train/rewards/reward_function":-285.875,"train_runtime":495.8069,"_runtime":696.9034305,"train/learning_rate":1.936e-05,"train/loss":0.0001,"train_samples_per_second":0.403,"train/kl":0.0016151803429238498,"train/grad_norm":0.2630466818809509,"train/completion_length":86.125,"train/reward":-285.875,"train/reward_std":79.61651039123535,"train/global_step":8,"_timestamp":1.7424783552699182e+09,"_wandb":{"runtime":727},"_step":33,"train_loss":6.482546217739582e-05,"train/epoch":0.032}