{"train/global_step":3,"train/kl":0.0010267708858009428,"train/num_tokens":7750,"_runtime":64.88035191,"train/loss":0.157,"train/completion_length":84,"train/grad_norm":0.1977488100528717,"profiling/Time taken: GRPOTrainer._prepare_inputs":5.753348767990246,"profiling/Time taken: GRPOTrainer.reward_function":8.729007095098495e-05,"train/clip_ratio":0,"train/learning_rate":1.9600000000000002e-05,"_step":35,"profiling/Time taken: GRPOTrainer._get_per_token_logps":0.04281828994862735,"_wandb":{"runtime":65},"profiling/Time taken: GRPOTrainer.compute_loss":0.10398714896291494,"train/reward_std":71.7981309890747,"_timestamp":1.7467882662710662e+09,"train/rewards/reward_function":-271.625,"train/epoch":0.03,"train/reward":-271.625}