{"train/global_step":250,"total_flos":0,"_step":250,"train_loss":0.010555870736017823,"_wandb":{"runtime":3788},"train/learning_rate":0,"train_runtime":3766.7435,"train_samples_per_second":0.531,"train/reward_std":42.76822853088379,"train/grad_norm":0.726861298084259,"_timestamp":1.7424718868129296e+09,"train_steps_per_second":0.066,"train/kl":0.4687146246433258,"train/reward":-53.5625,"_runtime":3767.911433019,"train/rewards/reward_function":-53.5625,"train/completion_length":22.9375,"train/loss":0.0187,"train/epoch":1}