{"train/reward":-290.671875,"train_samples_per_second":0.398,"train/completion_length":89.125,"total_flos":0,"train/learning_rate":0,"train_loss":6.623108871281147e-05,"train/kl":0.001783758751116693,"_step":25,"_wandb":{"runtime":524},"train/loss":0.0001,"train/rewards/reward_function":-290.671875,"train_steps_per_second":0.05,"_timestamp":1.7424849450445056e+09,"train_runtime":503.1155,"train/epoch":1,"train/global_step":25,"_runtime":504.082871975,"train/grad_norm":0.23617419600486755,"train/reward_std":57.953731536865234}