{"_runtime":423.573287115,"train/epoch":1,"train/reward_std":66.46919631958008,"train_loss":6.534868851304054e-05,"train/completion_length":85.765625,"train/rewards/reward_function":-277.0625,"train/reward":-277.0625,"train_runtime":422.5779,"_wandb":{"runtime":443},"train/grad_norm":0.22775086760520935,"_step":25,"train_samples_per_second":0.473,"train/kl":0.0017105351435020566,"train/learning_rate":0,"_timestamp":1.742479816135847e+09,"train/loss":0.0001,"train_steps_per_second":0.059,"total_flos":0,"train/global_step":25}