{"total_flos":0,"train/completion_length":24.25,"train/epoch":1,"train/global_step":250,"_runtime":4366.605730632,"train/reward":-59.625,"_wandb":{"runtime":4382},"train/reward_std":62.484352111816406,"train/grad_norm":0.755858838558197,"train_samples_per_second":0.458,"train_loss":0.011270122429355978,"train/learning_rate":0,"_step":250,"train/kl":0.5140285193920135,"train_steps_per_second":0.057,"train_runtime":4365.5553,"train/loss":0.0206,"train/rewards/reward_function":-59.625,"_timestamp":1.7424909731073005e+09}