{"train/completion_length":77.734375,"_runtime":323.209904212,"train/epoch":0.072,"train/kl":0.0016875132569111884,"train/grad_norm":0.48627057671546936,"_timestamp":1.7424829073787186e+09,"_wandb":{"runtime":332},"_step":17,"train/reward":-252.671875,"train/reward_std":100.18401718139648,"train/rewards/reward_function":-252.671875,"train/global_step":18,"train/learning_rate":1.8560000000000002e-05,"train/loss":0.0001}