{"train/loss":0.0001,"train/grad_norm":0.263446569442749,"train/global_step":25,"train_samples_per_second":0.467,"train_steps_per_second":0.058,"total_flos":0,"_step":25,"train/kl":0.0017838834901340306,"_wandb":{"runtime":448},"train/epoch":1,"_timestamp":1.7424841193193886e+09,"train_loss":6.59083854407072e-05,"train/completion_length":88.515625,"train_runtime":427.907,"train/reward_std":67.88261032104492,"train/rewards/reward_function":-286.140625,"train/reward":-286.140625,"_runtime":429.223595615,"train/learning_rate":0}