{"train/reward":-283.5,"train/loss":0.0001,"train/grad_norm":0.22701390087604523,"train_steps_per_second":0.059,"train/reward_std":61.90085220336914,"_step":25,"train/epoch":1,"train/completion_length":87.09375,"_runtime":425.984946071,"train_samples_per_second":0.471,"train/rewards/reward_function":-283.5,"train_loss":6.647774018347263e-05,"train/learning_rate":0,"_timestamp":1.7424823396008725e+09,"train/kl":0.0016660051769576967,"train_runtime":424.6232,"total_flos":0,"train/global_step":25,"_wandb":{"runtime":444}}