{"train_runtime":3766.8148,"train/kl":0.5262020826339722,"train/grad_norm":0.6147110462188721,"_wandb":{"runtime":3768},"_runtime":3768.15009592,"train/reward_std":35.81668758392334,"train_samples_per_second":0.531,"train/epoch":1,"train/rewards/reward_function":-50.34375,"train_steps_per_second":0.066,"train/loss":0.021,"total_flos":0,"train/completion_length":22.703125,"_step":250,"_timestamp":1.7424650986338184e+09,"train/global_step":250,"train/learning_rate":0,"train/reward":-50.34375,"train_loss":0.0107145007988438}