{"train/completion_length":86.359375,"_runtime":421.13106101,"train/reward_std":65.90988540649414,"train/loss":0,"train/kl":0.0011267861118540168,"_wandb":{"runtime":439},"train/epoch":0.96,"train/grad_norm":0.28137874603271484,"_timestamp":1.7424836590232792e+09,"_step":23,"train/learning_rate":8.000000000000001e-07,"train/global_step":24,"train/reward":-285.0625,"train/rewards/reward_function":-285.0625}